model,accuracy,macro_precision,macro_recall,macro_f1,weighted_precision,weighted_recall,weighted_f1
Rule-Based Baseline,0.33,0.31993928818987977,0.33,0.289899584986188,0.31993928818987977,0.33,0.289899584986188
TF-IDF + Logistic Regression,0.7966666666666666,0.8049432698555505,0.7966666666666665,0.7952110544780923,0.8049432698555505,0.7966666666666666,0.7952110544780921
